riding_number,date,venue,lat,lon
44,2026-09-07,"The Collective, 152 Main St. S., Kenora",49.766566,-94.491017
44,2026-09-07,"Best Western, 349 Government St., Dryden",49.787506,-92.834521
123,2026-09-08,"Forest Inn & Conference Centre, 11 May Street, Sioux Lookout",50.088106,-91.910183
44,2026-09-08,"La Place Rendez-Vous, 1201 Idylwild Drive, Fort Frances",48.624205,-93.360772
105,2026-09-09,"Atikokan Legion 145, 115 O'Brien St., Atikokan",48.756327,-91.621479
106,2026-09-09,"Bight Restaurant & Bar, 2201 Sleeping Giant Pkwy, Thunder Bay",48.433842,-89.216549
103,2026-07-02,"The Daventry Kitchen & Bar, Sudbury",46.4917,-80.9930
72,2026-07-03,"154 Wasi Falls Rd, Callander",46.197187,-79.367687
107,2026-07-04,"Stacked Pancake House, New Liskeard",47.5100,-79.6810
108,2026-07-04,"Full Beard Brewing Co., 219 Wilson Ave, Timmins",48.475199,-81.341772
124,2026-07-05,"Sawmill Museum, 830 Front St, Hearst",49.689923,-83.664538
106,2026-07-06,"Marathon Recreation Centre, 16 Peninsula Road, Marathon",48.734117,-86.365868
92,2026-07-07,"Northern Superior Brewery, 50 Pim St, Sault Ste. Marie",46.505329,-84.324224
2,2026-07-08,"Mustang's Grill, 24 Woodward Ave, Blind River",46.186587,-82.953620
2,2026-07-08,"Fireside Classic Grill, Elliot Lake",46.380693,-82.637107
84,2026-07-08,"Trestle Brewing Company, Parry Sound",45.342479,-80.030723
